study_id,viral_load
ID12,51071
ID22,74471
ID29,250786
ID28,40
ID5,2784
ID20,15990
ID16,261167
ID23,28721
ID19,148185
ID27,238513
ID24,1555
ID3,4717
ID2,11573
ID1,4890
ID4,167414
ID6,3823
ID10,80974
ID25,24573
ID14,133825
ID15,3414
ID46,2340
ID52,1334